{"topology": {"0": ["input_0", null, [], [17, 18, 19, 20]], "1": ["input_0", null, [], [17, 18, 19, 20]], "2": ["input_0", null, [], [17, 18, 19, 20]], "3": ["input_0", null, [], [17, 18, 19, 20]], "4": ["input_0", null, [], [17, 18, 19, 20]], "5": ["input_0", null, [], [17, 18, 19, 20]], "6": ["input_0", null, [], [17, 18, 19, 20]], "7": ["input_0", null, [], [17, 18, 19, 20]], "8": ["input_0", null, [], [17, 18, 19, 20]], "9": ["input_0", null, [], [17, 18, 19, 20]], "10": ["input_0", null, [], [17, 18, 19, 20]], "11": ["input_0", null, [], [17, 18, 19, 20]], "12": ["input_0", null, [], [17, 18, 19, 20]], "13": ["input_0", null, [], [17, 18, 19, 20]], "14": ["input_0", null, [], [17, 18, 19, 20]], "15": ["input_0", null, [], [17, 18, 19, 20]], "16": ["input_0", null, [], [17, 18, 19, 20]], "17": ["hidden_1", "sigmoid", [1], [21]], "18": ["hidden_1", "sigmoid", [1], [21]], "19": ["hidden_1", "sigmoid", [1], [21]], "20": ["hidden_1", "sigmoid", [1], [21]], "21": ["output_2", "sigmoid", [1], []]}, "20": [-0.8084085296517175, 2.099393913736661, -2.870752193975442, -5.015393759871894, 1.0111924427917032, 1.8856627581335093, 1.3701306907768616, -1.7910799941107367, -0.5087447388448707, 1.6087174806085385, -0.6688582713236465, 0.02764506361214722, -3.1296440039478886, 1.7215094466897636, 0.8384345681002215, 1.3824246240044373, -1.5606615015747793, -0.5057549743809383], "19": [0.7721415151654006, -1.5894465728336604, 2.2126268295027107, -1.2202979901554338, 0.9041771742592517, 1.7132282220632478, -0.7566312851686082, -0.7124905921904308, 0.5432976147073701, 0.9350292705622536, -0.6135153782439341, 1.3862898396768348, 0.06646278584869922, -0.9046431594502929, 1.5021507113107457, -0.9567557697162858, 0.1264516126875612, 1.571277366537282], "18": [0.7300612724785341, -3.75722529992966e-05, 0.6799059595189091, 5.506074272013068, -0.1350357144890259, -1.4841446353646977, -3.15899712626718, -0.6038900437983057, 0.07450715113311603, 1.2768314338950757, -1.1707705932615455, 1.8328320617062073, 3.9188565818087673, -1.4458658318936708, -1.7819537051367513, -0.5749968430019464, 0.8723780533537745, 0.33234252761279437], "17": [-0.8385591472206521, 2.042457917604081, -3.036910807722831, 1.6093333438411415, -0.5534190248855353, -3.7893451231105795, 1.7224154106675043, 0.8341850379795019, -0.08439658563521799, -1.7789689455214877, 0.6063286821575448, -1.5024090291917696, 0.03294845347080321, 1.3515544481200676, -2.295594275852108, 0.9496293880400197, -0.3747487815846843, -1.5173862165096266], "21": [1.8416036185860953, -3.579085329324244, -8.545478202354225, 3.7834439332476353, 6.108686198735322]}