{"topology": {"0": ["input_0", null, [], [17, 18, 19, 20]], "1": ["input_0", null, [], [17, 18, 19, 20]], "2": ["input_0", null, [], [17, 18, 19, 20]], "3": ["input_0", null, [], [17, 18, 19, 20]], "4": ["input_0", null, [], [17, 18, 19, 20]], "5": ["input_0", null, [], [17, 18, 19, 20]], "6": ["input_0", null, [], [17, 18, 19, 20]], "7": ["input_0", null, [], [17, 18, 19, 20]], "8": ["input_0", null, [], [17, 18, 19, 20]], "9": ["input_0", null, [], [17, 18, 19, 20]], "10": ["input_0", null, [], [17, 18, 19, 20]], "11": ["input_0", null, [], [17, 18, 19, 20]], "12": ["input_0", null, [], [17, 18, 19, 20]], "13": ["input_0", null, [], [17, 18, 19, 20]], "14": ["input_0", null, [], [17, 18, 19, 20]], "15": ["input_0", null, [], [17, 18, 19, 20]], "16": ["input_0", null, [], [17, 18, 19, 20]], "17": ["hidden_1", "sigmoid", [1], [21]], "18": ["hidden_1", "sigmoid", [1], [21]], "19": ["hidden_1", "sigmoid", [1], [21]], "20": ["hidden_1", "sigmoid", [1], [21]], "21": ["output_2", "sigmoid", [1], []]}, "20": [-0.2330256598359008, 0.03728419245241458, -0.03367611764073476, -0.9773485642630269, 0.17106348247158434, 0.4374552179482211, 0.3724379389004265, 0.0876646631707486, -0.07137464983879868, -0.012681937661737901, 0.1130779501263317, -0.109469873922349, -1.0833500910998872, 0.34506212491919197, 0.7418960431497319, 0.03772897598209322, 0.02559596493893345, -0.05971686517469364], "19": [0.14968272847575037, -0.007219908916693967, 0.010135156429857649, -0.22316397712370353, 0.0630520218091473, 0.09533388458830863, 0.06769331842444383, 0.05504057830107628, -0.07187438012010762, 0.019749050858340986, 0.017555246097614795, -0.014639996984080039, -0.2794875744259265, 0.061185438460808414, 0.22121738391465692, 0.05155957644071192, 0.003804930774267313, -0.05244925844165695], "18": [0.21997732454527455, -0.03774413005994172, 0.033145647821538296, 0.9899737710643846, -0.1752167670049504, -0.4439466557312774, -0.37540883005274944, -0.0887131470750361, 0.07336523116496028, 0.010749434394650412, -0.11562342439970115, 0.11102494197079799, 1.0948891363099693, -0.3533148401258594, -0.746172778303032, -0.037097380583160956, -0.029718007632469564, 0.06221690544077545], "17": [0.07404148775043791, -0.02181741384263696, 0.016966539298174082, 0.7039713888754706, -0.1705532788201527, -0.3108504579038353, -0.22741852687313346, -0.09111789613046237, 0.11306172152487891, -0.026794700310398302, -0.07248805015362253, 0.06763717666155702, 0.7982479480345078, -0.2250654237608267, -0.5780333979263356, -0.0670651427300977, -0.029919446535037114, 0.09213371527640822], "21": [0.6030170691240302, -1.4624222363420192, -2.0505192738266547, 0.4904702036138883, 2.032488150387825]}