{"topology": {"0": ["input_0", null, [], [17, 18, 19, 20]], "1": ["input_0", null, [], [17, 18, 19, 20]], "2": ["input_0", null, [], [17, 18, 19, 20]], "3": ["input_0", null, [], [17, 18, 19, 20]], "4": ["input_0", null, [], [17, 18, 19, 20]], "5": ["input_0", null, [], [17, 18, 19, 20]], "6": ["input_0", null, [], [17, 18, 19, 20]], "7": ["input_0", null, [], [17, 18, 19, 20]], "8": ["input_0", null, [], [17, 18, 19, 20]], "9": ["input_0", null, [], [17, 18, 19, 20]], "10": ["input_0", null, [], [17, 18, 19, 20]], "11": ["input_0", null, [], [17, 18, 19, 20]], "12": ["input_0", null, [], [17, 18, 19, 20]], "13": ["input_0", null, [], [17, 18, 19, 20]], "14": ["input_0", null, [], [17, 18, 19, 20]], "15": ["input_0", null, [], [17, 18, 19, 20]], "16": ["input_0", null, [], [17, 18, 19, 20]], "17": ["hidden_1", "sigmoid", [1], [21]], "18": ["hidden_1", "sigmoid", [1], [21]], "19": ["hidden_1", "sigmoid", [1], [21]], "20": ["hidden_1", "sigmoid", [1], [21]], "21": ["output_2", "sigmoid", [1], []]}, "20": [-1.9819600968774647, -0.0035495617188462144, -0.0044953902597610895, -0.002137745897288828, -0.00124454092349633, -0.001483730294587696, -0.0031789348632344527, -0.002782018346279922, -0.0021940822266408085, -0.0030688514056865755, -0.005604810772975804, -0.0024401412056314986, -0.002889649997195066, -0.002392039248111834, -0.0027632627333004094, -0.0017139661274665808, -0.0029855540009754316, -0.0033454318501652913], "19": [-2.0153095445806244, -0.00336376498332711, -0.0042615017294018315, -0.0020170573308824252, -0.0011833530921659537, -0.001410998181634159, -0.003013858108046404, -0.0026420867232744972, -0.0020716201821783394, -0.0029115598072761042, -0.005314143513404746, -0.0023111231993241947, -0.00272878998094692, -0.002263464131781034, -0.0026330126000009887, -0.0016282420755874248, -0.0028338996137760144, -0.003163125023365501], "18": [0.3520220858637789, 0.050876475171101394, -0.08670161161969422, 2.0974227144413793, -0.28290321407303837, -0.9259823971210673, -0.9243622396958662, -0.12480450211505335, 0.18112785074079268, -0.09214848507433233, -0.28951732244183204, 0.2536921859932397, 2.1412691744536714, -0.8398221335386843, -1.3372721773635796, 0.20920004439534035, -0.3156968273549613, 0.07067164651102785], "17": [-2.1686251691329614, -0.002614484254173795, -0.003316630118311765, -0.0015409541604889283, -0.0009318214422020442, -0.0011117557088060742, -0.002346583060988514, -0.002070974612597936, -0.001586935108511828, -0.002273204651375796, -0.004138767129522664, -0.0017923472429628982, -0.002091676227817942, -0.0017490306039181567, -0.0020904075407494616, -0.0012777459556581115, -0.0022167405649311245, -0.002436627851896325], "21": [2.136297471193814, 0.010485184613139248, -3.881205216367589, 0.012173146552144807, 0.01257661451084178]}