{"topology": {"0": ["input_0", null, [], [17, 18, 19, 20]], "1": ["input_0", null, [], [17, 18, 19, 20]], "2": ["input_0", null, [], [17, 18, 19, 20]], "3": ["input_0", null, [], [17, 18, 19, 20]], "4": ["input_0", null, [], [17, 18, 19, 20]], "5": ["input_0", null, [], [17, 18, 19, 20]], "6": ["input_0", null, [], [17, 18, 19, 20]], "7": ["input_0", null, [], [17, 18, 19, 20]], "8": ["input_0", null, [], [17, 18, 19, 20]], "9": ["input_0", null, [], [17, 18, 19, 20]], "10": ["input_0", null, [], [17, 18, 19, 20]], "11": ["input_0", null, [], [17, 18, 19, 20]], "12": ["input_0", null, [], [17, 18, 19, 20]], "13": ["input_0", null, [], [17, 18, 19, 20]], "14": ["input_0", null, [], [17, 18, 19, 20]], "15": ["input_0", null, [], [17, 18, 19, 20]], "16": ["input_0", null, [], [17, 18, 19, 20]], "17": ["hidden_1", "sigmoid", [1], [21]], "18": ["hidden_1", "sigmoid", [1], [21]], "19": ["hidden_1", "sigmoid", [1], [21]], "20": ["hidden_1", "sigmoid", [1], [21]], "21": ["output_2", "sigmoid", [1], []]}, "20": [0.24703144903402877, 0.40704548641739435, -0.12296378797043056, -1.762674859670405, -1.8508421846136411, -1.6522177995174547, 5.57276695431737, 0.3551496565296729, -0.17135963859079206, 0.18054270839979966, 0.23876357133087706, 0.1754631996433771, 2.567574527504864, 0.4505230437493149, -2.532357581726296, 0.39622172927873234, 2.5976568698335805, -2.6224304723778307], "19": [0.2922762560470266, -0.09726332205871398, 0.2405783196094157, -0.5583441191002276, 0.07462045451626065, -0.005938360751727741, 0.6502728872157828, 0.004829705579190654, -0.06484775999866453, 0.3459890883802962, -0.08207052329295257, 0.37497972560748855, 0.6047847904549056, -0.3501317729714571, -0.07054793889266597, -0.33349875042340643, 0.6892121469283216, -0.09460544611472566], "18": [-0.31989154543707077, -0.5013171997234361, 0.13123276907373682, 1.8451243910672974, 1.9367458868558893, 1.727343403142436, -5.8312697030890535, -0.4162604221792151, 0.2689286638914146, -0.1551725183979152, -0.18705403284228167, -0.200837316628658, -2.7246458672960596, -0.4035312627283743, 2.7692613568871534, -0.3058420231848119, -2.820600036690878, 2.7062129799247208], "17": [-0.19075733547216525, -0.34228449660167604, -0.004366581768575361, 1.3425269035664327, 1.1339679316977143, 1.1208224109004776, -3.9605308279036295, -0.37347760340602004, -0.04609773346104829, 0.0381966554383594, -0.003052216467418097, -0.2452263188183231, -1.9984420733893158, -0.11881693858276227, 1.8539694494592944, -0.10457191071450499, -2.1146227832648354, 1.9244908956735267], "21": [-0.2048232712660325, -2.932109410645376, -5.610387265876859, -0.4812205200676139, 4.96270576249454]}