{"topology": {"0": ["input_0", null, [], [17, 18, 19, 20]], "1": ["input_0", null, [], [17, 18, 19, 20]], "2": ["input_0", null, [], [17, 18, 19, 20]], "3": ["input_0", null, [], [17, 18, 19, 20]], "4": ["input_0", null, [], [17, 18, 19, 20]], "5": ["input_0", null, [], [17, 18, 19, 20]], "6": ["input_0", null, [], [17, 18, 19, 20]], "7": ["input_0", null, [], [17, 18, 19, 20]], "8": ["input_0", null, [], [17, 18, 19, 20]], "9": ["input_0", null, [], [17, 18, 19, 20]], "10": ["input_0", null, [], [17, 18, 19, 20]], "11": ["input_0", null, [], [17, 18, 19, 20]], "12": ["input_0", null, [], [17, 18, 19, 20]], "13": ["input_0", null, [], [17, 18, 19, 20]], "14": ["input_0", null, [], [17, 18, 19, 20]], "15": ["input_0", null, [], [17, 18, 19, 20]], "16": ["input_0", null, [], [17, 18, 19, 20]], "17": ["hidden_1", "sigmoid", [1], [21]], "18": ["hidden_1", "sigmoid", [1], [21]], "19": ["hidden_1", "sigmoid", [1], [21]], "20": ["hidden_1", "sigmoid", [1], [21]], "21": ["output_2", "sigmoid", [1], []]}, "20": [-1.755789634913655, -1.5944286788557873, -0.12431070664493317, -0.9653466737972746, -1.8741434282444973, -1.0892229240656552, 2.2329240526756404, -0.4375188876012037, -0.4760692075575482, -0.7249002624502513, -1.491298965566941, -0.0972953474064838, -2.5890896827884036, 3.4541409712904936, -2.382132382921908, -4.230663500993001, 5.025011322742345, -2.425720778962545], "19": [-1.0721467954478525, -1.2645746747808218, 0.04346662083665026, -1.6238577995380856, -1.3432584475869755, -1.0967225859618066, 2.8600266434720782, -0.6687882034904442, 0.26035717648156326, -0.6700209905251746, -0.5698033583202964, -0.5017104908600465, -1.989593362927614, -2.6916031593446137, 3.5008785493681236, -1.6439900658765245, -2.2055884710302327, 2.746263435802067], "18": [0.522805674203187, 0.7079974611333305, -0.2353846721427677, 1.443144114573243, 2.255069635563152, 1.9596519405325183, -5.137224493052107, -0.08595270475314375, -0.14802993814628132, 0.7741755858539647, -0.00836691997679478, 0.4631727901461114, -2.5560437432012075, 1.13060854924867, 1.9092166404555266, -2.805436873696076, 0.5658933467387575, 2.6620116666465905], "17": [-0.6222483269674403, -1.2328122964918695, 0.4546702266263482, 1.2639656845337282, 0.20560111674968032, 1.2167951301832463, -3.4810665047009315, 0.5533471254760671, 1.0506905144940826, -2.416907312894138, 0.2409065622801619, -0.9206760890611791, -0.3950778429688264, 0.018759692317061094, -0.3184624033562818, -0.7759312817559, 1.3696419219650287, -1.3199054300102149], "21": [3.6968400940851036, -3.1241681642272887, -6.952897755367865, 7.293889058947243, 8.098934934559411]}