{"topology": {"0": ["input_0", null, [], [17, 18, 19, 20]], "1": ["input_0", null, [], [17, 18, 19, 20]], "2": ["input_0", null, [], [17, 18, 19, 20]], "3": ["input_0", null, [], [17, 18, 19, 20]], "4": ["input_0", null, [], [17, 18, 19, 20]], "5": ["input_0", null, [], [17, 18, 19, 20]], "6": ["input_0", null, [], [17, 18, 19, 20]], "7": ["input_0", null, [], [17, 18, 19, 20]], "8": ["input_0", null, [], [17, 18, 19, 20]], "9": ["input_0", null, [], [17, 18, 19, 20]], "10": ["input_0", null, [], [17, 18, 19, 20]], "11": ["input_0", null, [], [17, 18, 19, 20]], "12": ["input_0", null, [], [17, 18, 19, 20]], "13": ["input_0", null, [], [17, 18, 19, 20]], "14": ["input_0", null, [], [17, 18, 19, 20]], "15": ["input_0", null, [], [17, 18, 19, 20]], "16": ["input_0", null, [], [17, 18, 19, 20]], "17": ["hidden_1", "sigmoid", [1], [21]], "18": ["hidden_1", "sigmoid", [1], [21]], "19": ["hidden_1", "sigmoid", [1], [21]], "20": ["hidden_1", "sigmoid", [1], [21]], "21": ["output_2", "sigmoid", [1], []]}, "20": [-1.7371253254869896, -2.700839025890129, 1.0007639498160579, -0.7228887463283346, -2.709412125346963, -0.31842254789896507, 2.0735987555691273, -0.5368737123662748, -0.6427387114714213, -0.44021162434464045, -1.8310025081982404, 0.26107250465147497, -1.995597532113593, 3.4566474662388926, -2.9594667191184687, -2.6699273023164385, 3.4967105025476704, -2.439491848017759], "19": [-1.355952610096826, -1.2975902310177818, -0.20732363757536978, -1.0709621613905638, -0.2874420087472936, -0.6659468132875739, 0.5367329791616593, -0.5000421689779502, -0.6281914312971729, -0.23402423190791183, -0.6164164712626109, -0.7389031925667089, -2.2651686218486997, -2.735795231404676, 3.5368400657003165, -1.886518960095788, -3.0033609193618678, 3.5027589637039793], "18": [-0.0687602869933873, -0.12088136439608642, 0.0019281921900734871, 2.4251321138309376, 2.612912041231126, 2.7075938540138345, -7.816562772655595, 0.09404688199877627, -0.12059184266079445, -0.024828057580015633, -0.004682907539916618, -0.1320771834873385, -0.5718408985379194, -4.8569493483332, 5.321005732177552, -4.956497262546647, 0.12898584367973523, 4.658413597359591], "17": [-1.4861181358450004, -1.1975827573568576, -0.444429121386232, 1.4305536811126396, 0.19857143127585564, 0.4850744450599968, -3.7727739395603463, -0.09293255118220974, -1.8129433875087435, 0.22913645688941361, -1.5168076381299405, -0.026831697528627855, -3.4329460321741174, 4.406563503555888, -2.5322678342673717, 1.5855658828272277, -3.629470212102674, 0.45383973059681315], "21": [4.157111355147785, -7.872446843558946, -9.094833922236685, 8.881315295247305, 4.443438233419611]}