{"topology": {"0": ["input_0", null, [], [17, 18, 19, 20]], "1": ["input_0", null, [], [17, 18, 19, 20]], "2": ["input_0", null, [], [17, 18, 19, 20]], "3": ["input_0", null, [], [17, 18, 19, 20]], "4": ["input_0", null, [], [17, 18, 19, 20]], "5": ["input_0", null, [], [17, 18, 19, 20]], "6": ["input_0", null, [], [17, 18, 19, 20]], "7": ["input_0", null, [], [17, 18, 19, 20]], "8": ["input_0", null, [], [17, 18, 19, 20]], "9": ["input_0", null, [], [17, 18, 19, 20]], "10": ["input_0", null, [], [17, 18, 19, 20]], "11": ["input_0", null, [], [17, 18, 19, 20]], "12": ["input_0", null, [], [17, 18, 19, 20]], "13": ["input_0", null, [], [17, 18, 19, 20]], "14": ["input_0", null, [], [17, 18, 19, 20]], "15": ["input_0", null, [], [17, 18, 19, 20]], "16": ["input_0", null, [], [17, 18, 19, 20]], "17": ["hidden_1", "sigmoid", [1], [21]], "18": ["hidden_1", "sigmoid", [1], [21]], "19": ["hidden_1", "sigmoid", [1], [21]], "20": ["hidden_1", "sigmoid", [1], [21]], "21": ["output_2", "sigmoid", [1], []]}, "20": [-0.17932049807948178, -0.1310753798792747, -0.09137377119693613, -0.08640145209089375, -0.06435096366345765, -0.042151564958571426, -0.06455092407177494, -0.02436601097754066, -0.14671649879109006, 0.04100943885718472, -0.07938653753750964, -0.1348972658088779, -0.0891133728481568, -0.08251440449359725, -0.013455328146469107, -0.09447509296086382, -0.14271514477743796, -0.08135644034332208], "19": [-0.20384568792618818, -0.15410074016447295, -0.15748382896345886, -0.08339072330985918, -0.06168920019255123, -0.13056288268276395, -0.1149388936915271, -0.05470164409823112, -0.11269294182903414, -0.024506948868505563, -0.12062877935143845, -0.14609453109123155, -0.07094146348723153, -0.006979018700745146, -0.08304839898853558, -0.060256694907884094, -0.10392970098170845, -0.15503807300901623], "18": [0.3650876968491241, 0.24531292320355846, 0.08969279421255538, 0.08539998326743913, 0.0829511768363189, 0.11861534402473889, 0.08460676599873529, 0.20701861181865164, 0.2213294278816524, 0.05284694255936482, 0.2630834379149575, 0.22149127894112564, 0.19248565956895416, 0.17254009629094202, 0.20528344996393175, 0.05728902570097016, 0.1966394722835957, 0.1402146545776581], "17": [-0.27304659253052915, -0.11090112386917081, -0.12368780722026602, -0.05775947390442131, -0.06210894781056004, -0.1216432684619248, -0.11822569108094981, -0.09877805240633518, -0.09493615429246023, -0.04546243014155488, -0.12627974606899506, -0.17060906610126947, -0.1669543961284981, -0.07359914491436809, -0.06797780155130902, -0.15411406475986586, -0.08844367748192605, -0.13966430438625868], "21": [0.1609616178484763, 0.394381062425345, -0.8130155527177665, 0.33214222859020454, 0.2783366583103298]}