{"topology": {"0": ["input_0", null, [], [17, 18, 19, 20]], "1": ["input_0", null, [], [17, 18, 19, 20]], "2": ["input_0", null, [], [17, 18, 19, 20]], "3": ["input_0", null, [], [17, 18, 19, 20]], "4": ["input_0", null, [], [17, 18, 19, 20]], "5": ["input_0", null, [], [17, 18, 19, 20]], "6": ["input_0", null, [], [17, 18, 19, 20]], "7": ["input_0", null, [], [17, 18, 19, 20]], "8": ["input_0", null, [], [17, 18, 19, 20]], "9": ["input_0", null, [], [17, 18, 19, 20]], "10": ["input_0", null, [], [17, 18, 19, 20]], "11": ["input_0", null, [], [17, 18, 19, 20]], "12": ["input_0", null, [], [17, 18, 19, 20]], "13": ["input_0", null, [], [17, 18, 19, 20]], "14": ["input_0", null, [], [17, 18, 19, 20]], "15": ["input_0", null, [], [17, 18, 19, 20]], "16": ["input_0", null, [], [17, 18, 19, 20]], "17": ["hidden_1", "sigmoid", [1], [21]], "18": ["hidden_1", "sigmoid", [1], [21]], "19": ["hidden_1", "sigmoid", [1], [21]], "20": ["hidden_1", "sigmoid", [1], [21]], "21": ["output_2", "sigmoid", [1], []]}, "20": [-0.12940647115655868, -0.061294289521323396, -0.08445318107723318, -0.037386981839927405, 0.008634901864465326, -0.013909286801953729, -0.08624761697444312, -0.10257652578183246, -0.07278919304776708, 0.02572718054808901, -0.13163840699115836, -0.09319835620292524, -0.08807017271319524, -0.08360407809332905, -0.11192576135087617, -0.12163301869257966, -0.03870398461926014, -0.1348437467964822], "19": [-0.21867994276136327, -0.09597950744017905, -0.01828276770950041, -0.038534364833505225, -0.02441087081507585, -0.056955514409214564, -0.04170535147998175, 0.015577020355821869, -0.03735819483242944, -0.11554788092235288, -0.1390067177534361, -0.14026063072976985, -0.007239365755255637, -0.10155143264212949, -0.0520304869785981, -0.06629305632001443, -0.12011859605935622, -0.15476782955703483], "18": [-0.04283914323376231, -0.015598636017495128, -0.011191849013638552, 0.08167232280572402, -0.03984046469367213, -0.008975033595892093, -0.06585137640778682, 0.013204091721158932, -0.022824892531613072, 0.009858194425408466, 0.011797529593291558, -0.02094618379691958, -0.01713782962352016, -0.05366901520510549, -0.053091086093779924, -0.0514289400391051, 0.08363583453627142, 0.08066444219101589], "17": [-0.09530562207298182, -0.12417628237331486, -0.011763006044918853, -0.06826461503716548, -0.023363116075331387, -0.038868688038186716, 0.047432606730557506, -0.08057216211545168, -0.05596576866120805, -0.08264948378218874, -0.12139684066376312, -0.13420616903378652, -0.007782097508443629, -0.06008578488767031, 0.010018615509751642, -0.05291577154255363, -0.048605006645632165, -0.06756866686117069], "21": [-0.003105432824471621, 0.38230536909765056, -0.16927010752189248, 0.5349368853224047, 0.37162331654973996]}