{"topology": {"0": ["input_0", null, [], [17, 18, 19, 20]], "1": ["input_0", null, [], [17, 18, 19, 20]], "2": ["input_0", null, [], [17, 18, 19, 20]], "3": ["input_0", null, [], [17, 18, 19, 20]], "4": ["input_0", null, [], [17, 18, 19, 20]], "5": ["input_0", null, [], [17, 18, 19, 20]], "6": ["input_0", null, [], [17, 18, 19, 20]], "7": ["input_0", null, [], [17, 18, 19, 20]], "8": ["input_0", null, [], [17, 18, 19, 20]], "9": ["input_0", null, [], [17, 18, 19, 20]], "10": ["input_0", null, [], [17, 18, 19, 20]], "11": ["input_0", null, [], [17, 18, 19, 20]], "12": ["input_0", null, [], [17, 18, 19, 20]], "13": ["input_0", null, [], [17, 18, 19, 20]], "14": ["input_0", null, [], [17, 18, 19, 20]], "15": ["input_0", null, [], [17, 18, 19, 20]], "16": ["input_0", null, [], [17, 18, 19, 20]], "17": ["hidden_1", "sigmoid", [1], [21]], "18": ["hidden_1", "sigmoid", [1], [21]], "19": ["hidden_1", "sigmoid", [1], [21]], "20": ["hidden_1", "sigmoid", [1], [21]], "21": ["output_2", "sigmoid", [1], []]}, "20": [-1.720858706290886, -1.6928799337447091, 0.009071476866766114, -0.9782157625479859, -1.8304394943277498, -1.0271492988549704, 2.174946510921695, -0.4732072662843326, -0.535199141550358, -0.595151021151541, -1.460366593148125, -0.09329679120253766, -2.6351831485503956, 3.6369943371999303, -2.483961354446589, -3.9012030335008596, 4.787522277502483, -2.4827612725919974], "19": [-1.0845717473456484, -1.242245522769146, 0.008712516927175997, -1.6253259266344644, -1.274353645014468, -1.0540916953732573, 2.7375341255095864, -0.6240353443165855, 0.21592064603528638, -0.6827622711505587, -0.543826135324439, -0.5401126657537031, -2.016648729243893, -2.5792655598699605, 3.403171364311945, -1.767819545551982, -2.2224364983160845, 2.8745159908655697], "18": [0.5853027439687764, 0.7046180617299498, -0.16950820297379948, 1.4571750547196076, 2.291269369246014, 2.0445592829105643, -5.209865439493762, -0.04314926010194694, -0.18126206465944328, 0.8271013374815226, 0.057796484019572734, 0.4595064559153321, -2.7035514195681642, 1.3050396924270151, 1.9447902434097257, -2.942108896336506, 0.93997015783785, 2.4871039479535204], "17": [-0.485830719185346, -1.2201787317549229, 0.578454269671485, 1.401181941712424, 0.15726808467316386, 1.1756984549983505, -3.3924354468361173, 0.3799166537612525, 1.1537992699238866, -2.210167988827031, 0.17422166532257297, -0.7175735843214935, -0.42657089070819526, 0.24717869965084324, -0.37897075516860046, -0.6772780324689004, 1.0191490469584161, -0.9316481965085097], "21": [3.7763591886754257, -2.5216128262065842, -7.0786184392630584, 7.36524705119947, 7.982719185573565]}