{"topology": {"0": ["input_0", null, [], [17, 18, 19, 20]], "1": ["input_0", null, [], [17, 18, 19, 20]], "2": ["input_0", null, [], [17, 18, 19, 20]], "3": ["input_0", null, [], [17, 18, 19, 20]], "4": ["input_0", null, [], [17, 18, 19, 20]], "5": ["input_0", null, [], [17, 18, 19, 20]], "6": ["input_0", null, [], [17, 18, 19, 20]], "7": ["input_0", null, [], [17, 18, 19, 20]], "8": ["input_0", null, [], [17, 18, 19, 20]], "9": ["input_0", null, [], [17, 18, 19, 20]], "10": ["input_0", null, [], [17, 18, 19, 20]], "11": ["input_0", null, [], [17, 18, 19, 20]], "12": ["input_0", null, [], [17, 18, 19, 20]], "13": ["input_0", null, [], [17, 18, 19, 20]], "14": ["input_0", null, [], [17, 18, 19, 20]], "15": ["input_0", null, [], [17, 18, 19, 20]], "16": ["input_0", null, [], [17, 18, 19, 20]], "17": ["hidden_1", "sigmoid", [1], [21]], "18": ["hidden_1", "sigmoid", [1], [21]], "19": ["hidden_1", "sigmoid", [1], [21]], "20": ["hidden_1", "sigmoid", [1], [21]], "21": ["output_2", "sigmoid", [1], []]}, "20": [-1.9582664964085572, -1.6889528428257559, -0.23226340416988767, -1.3156676800913079, -2.11499000841089, -1.2488209619736979, 2.7812128155492095, -0.336497642515307, -0.5942025616811412, -0.9102650149074754, -1.7494191379478188, -0.04165203652053525, -2.919134283963817, 3.9431340809056636, -2.7435577528566144, -5.020361174474236, 5.722460203262036, -2.535948847495845], "19": [-1.2267731077789314, -1.39740953663144, 0.021675170356186435, -1.7894359245864195, -1.6239561115581667, -1.439712901755602, 3.4946664359542927, -0.6867418802120537, 0.03206070745151912, -0.5783971571046066, -0.6756521932671505, -0.5504879682442685, -2.3143578929779105, -3.175834605217013, 4.155248212959794, -1.9342050748256152, -2.5255459561562392, 3.2018096175460338], "18": [0.61423130726472, 0.8007216897352927, -0.2366832676831984, 1.6462341382631318, 2.365743529710025, 2.178635576291305, -5.578546413586166, -0.0013905135245630492, -0.027937295885715474, 0.6609463854263496, 0.07494524087696496, 0.47128626235388493, -2.991890528608369, 1.628998157440035, 1.9380994507328293, -3.2374904859003646, 0.8401963529930649, 2.9111879056580845], "17": [-0.7767426472885214, -1.359293303354578, 0.42665691316796783, 1.0723400509263274, 0.331564816569513, 1.2517777079023724, -3.604881468953597, 0.7776828389300088, 0.8716028637405874, -2.616649695915651, 0.2806614280865619, -1.1149252751886858, -0.421969072285886, -0.051715396608753544, -0.37559040543449784, -1.1832154696035966, 1.9976645034983287, -1.695138144016878], "21": [4.449246507203149, -3.3748555001945606, -8.809270108217191, 8.967958440862999, 10.668641250228717]}