{"topology": {"0": ["input_0", null, [], [17, 18, 19, 20]], "1": ["input_0", null, [], [17, 18, 19, 20]], "2": ["input_0", null, [], [17, 18, 19, 20]], "3": ["input_0", null, [], [17, 18, 19, 20]], "4": ["input_0", null, [], [17, 18, 19, 20]], "5": ["input_0", null, [], [17, 18, 19, 20]], "6": ["input_0", null, [], [17, 18, 19, 20]], "7": ["input_0", null, [], [17, 18, 19, 20]], "8": ["input_0", null, [], [17, 18, 19, 20]], "9": ["input_0", null, [], [17, 18, 19, 20]], "10": ["input_0", null, [], [17, 18, 19, 20]], "11": ["input_0", null, [], [17, 18, 19, 20]], "12": ["input_0", null, [], [17, 18, 19, 20]], "13": ["input_0", null, [], [17, 18, 19, 20]], "14": ["input_0", null, [], [17, 18, 19, 20]], "15": ["input_0", null, [], [17, 18, 19, 20]], "16": ["input_0", null, [], [17, 18, 19, 20]], "17": ["hidden_1", "sigmoid", [1], [21]], "18": ["hidden_1", "sigmoid", [1], [21]], "19": ["hidden_1", "sigmoid", [1], [21]], "20": ["hidden_1", "sigmoid", [1], [21]], "21": ["output_2", "sigmoid", [1], []]}, "20": [-0.592541085789168, -1.6792250862601996, 1.2646165385827226, -5.313912639532345, 0.06781662705685766, 0.2406218792801971, 4.523726092811264, 1.9668573351946093, -0.9702916438219346, -1.4173869104731587, -1.6386469801137198, 1.0339768685059543, 2.866658463752034, -4.316054992837601, 0.9558134643450961, -0.1622751283258264, -1.1783649102189455, 0.8230465443128738], "19": [-0.4797842594718122, 0.958437193312283, -1.3510141575336585, 4.098836012396948, -0.6524922985631889, 0.01551609090478774, -3.924646348445075, 0.3345995187321377, -1.0865140813478635, 0.4751133965397556, 0.925470807155296, -1.5162130832844825, -2.02024201171186, 3.7632464634290486, -2.3210428136758683, 0.40380784456920904, -0.8934071901600703, 0.020471923919380644], "18": [-1.6303408063041933, -0.8801698567999353, -0.861261771461804, 0.24162466354077963, -0.35927725607999933, -0.16055946163234422, -1.231910950144045, -0.3084514728977817, -0.8320588571315423, -0.32236222983069274, -0.3970774095410355, -1.1626282919169302, -0.802782177119658, 0.0016915784027500237, -0.7811629970589938, -0.6425257888991845, -0.5563986080475505, -0.4372409647695446], "17": [1.3729857428620467, 0.992672994773445, 0.4145787420076757, 0.41415609155206773, 0.4291378940054108, -0.02161720566610081, 0.4456239076625051, 0.33893361518725634, 0.804987546050496, 0.34261936021095446, 0.7540372291433095, 0.5547631319503459, 0.20828490940343747, 0.7103362480319032, 0.43649923965325277, 0.19335082223354183, 0.5282915030300668, 0.5586223125689548], "21": [-0.455105398532385, -0.7035763205790877, 0.008944482966150689, 0.7271079055162442, 2.2350891317357666]}