{"topology": {"0": ["input_0", null, [], [17, 18, 19, 20]], "1": ["input_0", null, [], [17, 18, 19, 20]], "2": ["input_0", null, [], [17, 18, 19, 20]], "3": ["input_0", null, [], [17, 18, 19, 20]], "4": ["input_0", null, [], [17, 18, 19, 20]], "5": ["input_0", null, [], [17, 18, 19, 20]], "6": ["input_0", null, [], [17, 18, 19, 20]], "7": ["input_0", null, [], [17, 18, 19, 20]], "8": ["input_0", null, [], [17, 18, 19, 20]], "9": ["input_0", null, [], [17, 18, 19, 20]], "10": ["input_0", null, [], [17, 18, 19, 20]], "11": ["input_0", null, [], [17, 18, 19, 20]], "12": ["input_0", null, [], [17, 18, 19, 20]], "13": ["input_0", null, [], [17, 18, 19, 20]], "14": ["input_0", null, [], [17, 18, 19, 20]], "15": ["input_0", null, [], [17, 18, 19, 20]], "16": ["input_0", null, [], [17, 18, 19, 20]], "17": ["hidden_1", "sigmoid", [1], [21]], "18": ["hidden_1", "sigmoid", [1], [21]], "19": ["hidden_1", "sigmoid", [1], [21]], "20": ["hidden_1", "sigmoid", [1], [21]], "21": ["output_2", "sigmoid", [1], []]}, "20": [-1.475851321838154, -1.009472965525023, -0.4263641273303423, -0.44694592309900133, -0.37002065159954645, -0.3749128470603575, -0.2262744753944569, -0.5088933605577388, -0.42112507691883866, -0.358856670548664, -0.7626696465671847, -0.5424538421575573, -0.5178863776654408, -0.5048681113635328, -0.3734348368668494, -0.6003228061648923, -0.1824538699505017, -0.5482262753750158], "19": [0.8433223057824398, -0.7000490178984454, 1.5382638339189416, 0.22344387675184116, 0.8429628461694223, 2.6732851664846167, -2.9542172202211283, 1.204509645172861, 0.6385659045731408, -1.0457936687939866, -0.15151739442860943, 0.8334137200131705, -3.0245340416739697, 2.1080766224301803, 1.6330317696271965, -1.4435954816630139, 3.241837962221755, -0.9494207981991226], "18": [-2.576936759214525, -1.7364066193270202, -0.8710017555534819, -0.6180773983329597, -0.6139206714928497, -0.7332799286368776, -0.4754385950757634, -0.9551548627708845, -0.8795451761705567, -0.6590350273013688, -1.419614653743316, -1.2359847856703021, -0.9134677788937148, -0.863989242218149, -0.8477482193615201, -0.9686035240005292, -0.46152828717372346, -0.9713889368484481], "17": [-1.6051994488849168, -1.1567359009984897, -0.497189723220688, -0.44653387534064315, -0.4372416979158414, -0.5421695006883137, -0.26909325777364373, -0.6349519369940096, -0.6482416259769294, -0.46709495418882996, -0.8626796393540371, -0.784649485220906, -0.5738938108706606, -0.539679902069906, -0.5014092784652107, -0.6075584042558764, -0.2666128904103418, -0.5685502650522093], "21": [2.072846064885878, -0.13875885390257653, 0.1538161581262033, -4.551505262772515, -0.23652272150194595]}