{"topology": {"0": ["input_0", null, [], [17, 18, 19, 20]], "1": ["input_0", null, [], [17, 18, 19, 20]], "2": ["input_0", null, [], [17, 18, 19, 20]], "3": ["input_0", null, [], [17, 18, 19, 20]], "4": ["input_0", null, [], [17, 18, 19, 20]], "5": ["input_0", null, [], [17, 18, 19, 20]], "6": ["input_0", null, [], [17, 18, 19, 20]], "7": ["input_0", null, [], [17, 18, 19, 20]], "8": ["input_0", null, [], [17, 18, 19, 20]], "9": ["input_0", null, [], [17, 18, 19, 20]], "10": ["input_0", null, [], [17, 18, 19, 20]], "11": ["input_0", null, [], [17, 18, 19, 20]], "12": ["input_0", null, [], [17, 18, 19, 20]], "13": ["input_0", null, [], [17, 18, 19, 20]], "14": ["input_0", null, [], [17, 18, 19, 20]], "15": ["input_0", null, [], [17, 18, 19, 20]], "16": ["input_0", null, [], [17, 18, 19, 20]], "17": ["hidden_1", "sigmoid", [1], [21]], "18": ["hidden_1", "sigmoid", [1], [21]], "19": ["hidden_1", "sigmoid", [1], [21]], "20": ["hidden_1", "sigmoid", [1], [21]], "21": ["output_2", "sigmoid", [1], []]}, "20": [0.031068911384494913, 0.0005530483486835687, 0.08026778783314613, -0.07706003538899044, 0.01357213476953678, 0.03707348954316169, -0.0673261381846319, 0.07945437905460556, 0.006635128025251608, 0.033983722975990914, 0.021442476565707566, -0.06737474433114539, 0.013397857610141721, -0.03418396537703974, 0.037814660931147485, 0.04815296695043132, 0.06665532119451725, -0.07519447145004263], "19": [0.06260772841714438, 0.06315116500922749, -0.047926010567090574, -0.032551485170103166, -0.03319283251219315, 0.042854829256433864, 0.06270609964717196, 0.05367070632158544, 0.06496578907588117, -0.009809559259570238, 0.061073387348116785, -0.04513077936953962, 0.06250477375267217, -0.0376061802883059, -0.06072024170005506, 0.029810852211296552, 0.04660434961258168, -0.007857776993861238], "18": [0.08456078225511932, -0.026756656401781456, -0.0012833290516371242, 0.025818986651899467, 0.06793217592942052, -0.008683000279424027, -0.06092881411918281, -0.04015080430121306, 0.02755518046001699, 0.04360922168252087, -0.07928599785274008, 0.05866720823566264, -0.07974898323904021, -0.009544143762346509, -0.015303387670599352, 0.0729908960853543, -0.05060330010387676, -0.07105299162703374], "17": [-0.062191011638358384, 0.06851938052868221, 0.02271136118488525, 0.03562671472405623, -0.011789475428939121, 0.021258375421254104, -0.052297154279736434, -0.010724542391261086, -0.07368486779181095, -0.03253225949530651, 0.03233894000786106, 0.05918981635033389, 0.034194570390772776, 0.033768684088230264, 0.042482931257979056, -0.07369200551582948, 0.04736802181962591, 0.06953175508220324], "21": [0.7250892170200401, -0.20312328122053047, -0.7116293402616953, -0.39364223922787156, 0.13947884039372713]}