{"topology": {"0": ["input_0", null, [], [10, 11, 12]], "1": ["input_0", null, [], [10, 11, 12]], "2": ["input_0", null, [], [10, 11, 12]], "3": ["input_0", null, [], [10, 11, 12]], "4": ["input_0", null, [], [10, 11, 12]], "5": ["input_0", null, [], [10, 11, 12]], "6": ["input_0", null, [], [10, 11, 12]], "7": ["input_0", null, [], [10, 11, 12]], "8": ["input_0", null, [], [10, 11, 12]], "9": ["input_0", null, [], [10, 11, 12]], "10": ["hidden_1", "ReLU", [1], [13, 14, 15]], "11": ["hidden_1", "ReLU", [1], [13, 14, 15]], "12": ["hidden_1", "ReLU", [1], [13, 14, 15]], "13": ["hidden_2", "ReLU", [1], [16, 17, 18]], "14": ["hidden_2", "ReLU", [1], [16, 17, 18]], "15": ["hidden_2", "ReLU", [1], [16, 17, 18]], "16": ["hidden_3", "ReLU", [1], [19, 20, 21]], "17": ["hidden_3", "ReLU", [1], [19, 20, 21]], "18": ["hidden_3", "ReLU", [1], [19, 20, 21]], "19": ["output_4", "identity", [], []], "20": ["output_4", "identity", [], []], "21": ["output_4", "identity", [], []]}, "12": [0.3017145869072954, -0.0034472331797253605, -0.3496793906478615, -0.1268276764566422, -0.1917786003159811, 0.2907498738525606, 0.15216406428090107, 0.04779754294441653, 0.07594065257659412, -0.44103677279372105, 0.39417088696972497], "11": [0.2826592327480771, -0.07554493172096381, -0.2990510489772964, -0.019738176905780128, -0.23053611735302362, 0.32192570958906885, 0.09809860071486892, 0.0026960181850057877, 0.09713340766112998, -0.4075420395897198, 0.43195390226612274], "10": [0.31359419097758967, -0.016759145501865056, -0.30281014977800175, -0.10252337648504561, -0.164730590041934, 0.26928777388578035, 0.16454065354295097, 0.039562363922112535, 0.06762427366261, -0.41303794041940994, 0.38973348091521737], "15": [0.19864561999939412, 0.36438295274234705, 0.33440462958264133, 0.39113981507679135], "14": [0.17947665027320053, -0.034133369414011745, -0.10211787849771464, -0.03768971494580598], "13": [0.17800317070309496, 0.37822625012998745, 0.34055938911093814, 0.44847774804211427], "18": [-0.08851408546316362, 0.21514295715636036, -0.04059720218079232, 0.27441430453346843], "17": [0.3637226752704103, -0.1735881274111981, 0.1594488754074459, -0.14216550413464335], "16": [-0.06562208677668274, 0.22485599707603185, -0.037651710847485885, 0.1455715842225547], "21": [0.04919352221079268, -0.18447163487787666, 0.3493052185862769, -0.24005887978223048], "20": [0.5187129226732552, -0.671716761880742, 0.24658688100944087, -1.1363344300201281], "19": [-0.31407458349654577, 0.4324826140225323, -0.12315716194063502, 0.7018218090637073]}