{"topology": {"0": ["input_0", null, [], [10, 11, 12]], "1": ["input_0", null, [], [10, 11, 12]], "2": ["input_0", null, [], [10, 11, 12]], "3": ["input_0", null, [], [10, 11, 12]], "4": ["input_0", null, [], [10, 11, 12]], "5": ["input_0", null, [], [10, 11, 12]], "6": ["input_0", null, [], [10, 11, 12]], "7": ["input_0", null, [], [10, 11, 12]], "8": ["input_0", null, [], [10, 11, 12]], "9": ["input_0", null, [], [10, 11, 12]], "10": ["hidden_1", "ReLU", [1], [13, 14, 15]], "11": ["hidden_1", "ReLU", [1], [13, 14, 15]], "12": ["hidden_1", "ReLU", [1], [13, 14, 15]], "13": ["hidden_2", "ReLU", [1], [16, 17, 18]], "14": ["hidden_2", "ReLU", [1], [16, 17, 18]], "15": ["hidden_2", "ReLU", [1], [16, 17, 18]], "16": ["hidden_3", "ReLU", [1], [19, 20, 21]], "17": ["hidden_3", "ReLU", [1], [19, 20, 21]], "18": ["hidden_3", "ReLU", [1], [19, 20, 21]], "19": ["output_4", "identity", [], []], "20": ["output_4", "identity", [], []], "21": ["output_4", "identity", [], []]}, "12": [0.12185899402639072, 0.008215678794878637, -0.0392427562207013, 0.034963296438000876, -0.12413524826212717, -0.061982037922464414, -0.09818038033348785, 0.16459919825761893, -0.05161645968721072, 0.19566769199958123, -0.09931095512365033], "11": [0.11375980303382179, 0.1094621026253716, -0.08102890248722852, 0.06880900715034521, -0.09871979862273962, 0.16837074335045435, 0.09010819683972195, -0.10279147811557875, -0.054114761722500786, -0.15250355777254582, 0.13961282308523568], "10": [-0.09779391437910025, -0.09365792058455756, -0.0874328279013676, -0.017091189634361743, 0.060136167723667186, 0.0012311958415459764, 0.026386013217177522, -0.09294232674491483, -0.03019885232028517, 0.0029341802330119376, -0.07842665513046508], "15": [0.014935691167433242, -0.22979083550471804, -0.1519552408307373, -0.10007577240028001], "14": [0.4233494067669255, -0.10208853079859469, 0.1029738858795122, 0.32115276852546076], "13": [-0.14377079921415836, -0.06235542445129964, -0.2669644698771514, 0.05799328291992545], "18": [-0.19947400678286403, 0.03552326245373418, 0.13099575848717668, 0.045625908073450114], "17": [-0.28565930468076456, 0.2583733513959316, 0.09352240932039872, -0.2065152475050366], "16": [0.16162787442196558, -0.20790704854046027, -0.38243994689131766, 0.04177333706065021], "21": [-0.0015790706534122, 0.040988527334650054, -0.41307191365820467, 0.39607242915045215], "20": [-0.006694268778585782, -0.21303307062261517, 0.4213851551285213, -0.35619386548624343], "19": [0.018764614123057445, 0.6597773962466492, -0.5163722819400605, 0.6045947513417949]}