{"topology": {"0": ["input_0", null, [], [10, 11, 12]], "1": ["input_0", null, [], [10, 11, 12]], "2": ["input_0", null, [], [10, 11, 12]], "3": ["input_0", null, [], [10, 11, 12]], "4": ["input_0", null, [], [10, 11, 12]], "5": ["input_0", null, [], [10, 11, 12]], "6": ["input_0", null, [], [10, 11, 12]], "7": ["input_0", null, [], [10, 11, 12]], "8": ["input_0", null, [], [10, 11, 12]], "9": ["input_0", null, [], [10, 11, 12]], "10": ["hidden_1", "ReLU", [1], [13, 14, 15]], "11": ["hidden_1", "ReLU", [1], [13, 14, 15]], "12": ["hidden_1", "ReLU", [1], [13, 14, 15]], "13": ["hidden_2", "ReLU", [1], [16, 17, 18]], "14": ["hidden_2", "ReLU", [1], [16, 17, 18]], "15": ["hidden_2", "ReLU", [1], [16, 17, 18]], "16": ["hidden_3", "ReLU", [1], [19, 20, 21]], "17": ["hidden_3", "ReLU", [1], [19, 20, 21]], "18": ["hidden_3", "ReLU", [1], [19, 20, 21]], "19": ["output_4", "identity", [], []], "20": ["output_4", "identity", [], []], "21": ["output_4", "identity", [], []]}, "12": [0.3102133348888441, -0.26747594821498694, -0.049969185958937436, 0.05847598997921963, 0.08305378278486825, 0.09484082747531185, -0.024112511544331486, -0.20598668812182483, 0.16574141560257385, -0.07151339433011644, 0.26587012910848806], "11": [0.053665661536829785, 0.18746631840465763, -0.0516585668593641, 0.05433147792918846, -0.2601147969870061, 0.07381517332533556, 0.07112239087057674, -0.04883694090979936, 0.04873744493367204, 0.01625036877955245, -0.15349956205562082], "10": [0.10454484163159203, 0.15555993175742316, -0.028590882471206603, 0.16950367567616084, -0.06306005899015722, 0.023454309094922746, 0.13839573027405938, -0.07699137188236284, 0.022929272945672964, -0.015074418664509075, -0.19944852078285835], "15": [0.11938055322743628, -0.1206882705800744, -0.14829347027276368, 0.2975228791226058], "14": [-0.015557888452026242, 0.036776352551913104, -0.021443965882714914, -0.015694425893512276], "13": [0.11117435886482568, -0.10702946974078023, -0.14334900498908376, 0.33260848695468914], "18": [0.014937823701379738, 0.5643801422697624, 0.009102665065103948, 0.5426567563569886], "17": [0.40194387556564787, -0.3174318272522079, -0.0006851507886205031, -0.3723128651448222], "16": [0.3043461130097305, -0.28911141710800015, -0.001479123591463581, -0.3396306301955533], "21": [0.02749806726097796, 0.8077159353374244, 1.2724193039043816, -1.8765437643503715], "20": [0.05016946469567958, 0.2585759571229349, 0.5771821307287656, -0.7638501251220623], "19": [0.03147359959696448, 0.1342442425034314, 0.2664944658537608, -0.3750120599212327]}